timestep_1,carrier_1,carrier_2,region_1,region_2,region_1,region_2,parameter,value,comment
,coal,,,,,,trdBuyPrc,8,allows to buy coal from an external market
,gas,naturalGas,,,,,trdBuyPrc,30,allows to buy naturalGas from an external market
,hydrogen,,,,,,trdBuyPrc,400,allows to buy hydrogen from an external market
,hydrogen,,,,,,trdBuyCap,80,
all,electricity,,West,WestNorth,West,WestSouth,capaExcUp,14,sets an upper limit for electricity exchange
all,electricity,,East,EastNorth,East,EastSouth,capaExcUp,20,sets an upper limit for electricity exchange
all,electricity,,West,WestNorth,East,EastNorth,capaExcUp,3,sets an upper limit for electricity exchange
,gas,,West,WestNorth,West,WestSouth,capaExcResi,8,sets capacities for gas exchange between regions existing without any investment
,gas,,East,EastNorth,East,EastSouth,capaExcResi,6,sets capacities for gas exchange between regions existing without any investment
,gas,,West,WestNorth,East,EastSouth,capaExcResi,8,sets capacities for gas exchange between regions existing without any investment
,gas,,West,WestNorth,West,WestSouth,expExcFix,0,prevents the additional expension of gas exchange capacities
,gas,,East,EastNorth,East,EastSouth,expExcFix,0,prevents the additional expension of gas exchange capacities
,gas,,West,WestNorth,East,EastSouth,expExcFix,0,prevents the additional expension of gas exchange capacities
,electricity,,West,WestNorth,West,WestSouth,lossExc,0.02,define losses when exchanging electricty between WestNorth and WestSouth
,electricity,,East,EastNorth,East,EastSouth,lossExc,0.02,define losses when exchanging electricty between EastNorth and EastSouth
,electricity,,West,WestNorth,East,EastSouth,lossExc,0.04,define losses when exchanging electricty between WestNorth and EastSouth
,gas,,,,,,lossExc,0.01,defines losses when exchanging gas
,electricity,,West,WestSouth,East,EastSouth,capaExcResiDir,0.3,adds pre-existing directed exchange capacity from West to East
,electricity,,East,EastSouth,West,WestSouth,capaExcResiDir,0.5,
,electricity,,,,,,costCrt,-2,"introduces negative costs (= revenues) for curtailing electricity, otherwise production surpluses might be ""destroyed"" via storage losses distorting results "
,electricity,,West,WestNorth,East,EastSouth,lossExcDir,0.02,
,electricity,,,,,,costExpExc,1000,
,gas,,,,,,costOprExc,2,
,,,,,,,costVarExc,3,
,,,,,,,emissionPrc,8,
,,,,,,,costLss,100,
